2020-09-14 08:43:32.268360,10420.45
2020-09-14 08:43:37.117389,10420.16
2020-09-14 08:43:42.385555,10420.16
2020-09-14 08:43:47.150989,10420.16
2020-09-14 08:43:52.141449,10420.16
2020-09-14 08:44:02.187271,10420.16
2020-09-14 08:44:07.380271,10420.16
2020-09-14 08:44:12.228484,10420.16
2020-09-14 08:44:17.376666,10420.16
2020-09-14 08:44:22.232820,10420.16
2020-09-14 08:44:27.389016,10420.16
2020-09-14 08:44:32.183102,10420.16
2020-09-14 08:44:37.205820,10420.16
2020-09-14 08:44:42.229749,10421.34
2020-09-14 08:44:47.417556,10421.34
2020-09-14 08:44:52.216044,10421.34
2020-09-14 08:44:57.374986,10421.34
2020-09-14 08:45:02.341035,10421.34
2020-09-14 08:45:07.281459,10421.34
2020-09-14 08:45:12.224379,10421.34
2020-09-14 08:45:17.214078,10421.34
2020-09-14 08:45:22.281705,10421.34
2020-09-14 08:45:27.200193,10421.34
2020-09-14 08:45:32.301231,10421.34
2020-09-14 08:45:37.212779,10421.34
2020-09-14 08:45:42.455759,10421.11
2020-09-14 08:45:47.230927,10421.11
2020-09-14 08:45:52.177962,10421.11
2020-09-14 08:45:57.385051,10421.11
2020-09-14 08:46:02.207975,10421.11
2020-09-14 08:46:07.407707,10421.11
2020-09-14 08:46:12.186760,10421.11
2020-09-14 08:46:17.376450,10421.11
2020-09-14 08:46:22.192861,10421.11
2020-09-14 08:46:27.409048,10421.11
2020-09-14 08:46:32.203274,10421.11
2020-09-14 08:46:37.443387,10421.11
2020-09-14 08:46:42.260372,10402.2
2020-09-14 08:46:47.391782,10402.2
2020-09-14 08:46:52.198391,10402.2
2020-09-14 08:46:57.197953,10402.2
2020-09-14 08:47:02.164587,10402.2
2020-09-14 08:47:07.178421,10402.2
2020-09-14 08:47:12.204638,10402.2
2020-09-14 08:47:17.407555,10402.2
2020-09-14 08:47:22.199802,10402.2
2020-09-14 08:47:27.195347,10402.2
2020-09-14 08:47:32.237578,10402.2
2020-09-14 08:47:37.174604,10402.2
2020-09-14 08:47:42.202833,10402.2
2020-09-14 08:47:47.210025,10395.01
2020-09-14 08:47:52.185617,10395.01
2020-09-14 08:47:57.379561,10395.01
2020-09-14 08:48:02.201910,10395.01
2020-09-14 08:48:07.188593,10395.01
2020-09-14 08:48:12.241418,10395.01
2020-09-14 08:48:17.265499,10395.01
2020-09-14 08:48:22.400269,10395.01
2020-09-14 08:48:27.427554,10395.01
2020-09-14 08:48:32.305560,10395.01
2020-09-14 08:48:37.401915,10395.01
2020-09-14 08:48:41.071244,10395.01
2020-09-14 08:48:42.212808,10395.01
2020-09-14 08:48:45.920701,10395.01
2020-09-14 08:48:47.219048,10376.51
2020-09-14 08:48:50.972607,10376.51
2020-09-14 08:48:52.294408,10376.51
2020-09-14 08:48:55.991569,10376.51
2020-09-14 08:48:57.215074,10376.51
2020-09-14 08:49:00.905469,10376.51
2020-09-14 08:49:02.302832,10376.51
2020-09-14 08:49:05.911485,10376.51
2020-09-14 08:49:07.193175,10376.51
2020-09-14 08:49:10.920763,10376.51
2020-09-14 08:49:12.298267,10376.51
2020-09-14 08:49:15.869521,10376.51
2020-09-14 08:49:17.293126,10376.51
2020-09-14 08:49:20.888307,10376.51
2020-09-14 08:49:22.301327,10376.51
2020-09-14 08:49:25.910724,10376.51
2020-09-14 08:49:27.257525,10376.51
2020-09-14 08:49:30.893025,10376.51
2020-09-14 08:49:32.237037,10376.51
2020-09-14 08:49:35.911326,10376.51
2020-09-14 08:49:37.254096,10376.51
2020-09-14 08:49:40.931784,10376.51
2020-09-14 08:49:42.255090,10376.51
2020-09-14 08:49:45.879858,10376.51
2020-09-14 08:49:47.189635,10376.51
2020-09-14 08:49:50.899945,10371.22
2020-09-14 08:49:52.283357,10371.22
2020-09-14 08:49:55.890219,10371.22
2020-09-14 08:49:57.192356,10371.22
2020-09-14 08:50:00.938795,10371.22
2020-09-14 08:50:02.201965,10371.22
2020-09-14 08:50:05.883417,10371.22
2020-09-14 08:50:07.189923,10371.22
2020-09-14 08:50:10.930147,10371.22
2020-09-14 08:50:12.290297,10371.22
2020-09-14 08:50:15.901746,10371.22
2020-09-14 08:50:17.190330,10371.22
2020-09-14 08:50:20.906646,10371.22
2020-09-14 08:50:22.313410,10371.22
2020-09-14 08:50:25.887075,10371.22
2020-09-14 08:50:27.208266,10371.22
2020-09-14 08:50:30.912168,10371.22
2020-09-14 08:50:32.232236,10371.22
2020-09-14 08:50:35.880735,10371.22
2020-09-14 08:50:37.245607,10371.22
2020-09-14 08:50:40.953931,10371.22
2020-09-14 08:50:42.258192,10371.22
2020-09-14 08:50:45.894708,10371.22
2020-09-14 08:50:47.216900,10371.22
2020-09-14 08:50:50.908963,10375.99
2020-09-14 08:50:52.577659,10375.99
2020-09-14 08:50:55.998603,10375.99
2020-09-14 08:50:57.229903,10375.99
2020-09-14 08:51:01.068019,10375.99
2020-09-14 08:51:02.196558,10375.99
2020-09-14 08:51:05.860624,10375.99
2020-09-14 08:51:07.260044,10375.99
2020-09-14 08:51:10.894546,10375.99
2020-09-14 08:51:12.378237,10375.99
2020-09-14 08:51:15.910524,10375.99
2020-09-14 08:51:17.209829,10375.99
2020-09-14 08:51:20.982339,10375.99
2020-09-14 08:51:22.280895,10375.99
2020-09-14 08:51:25.898225,10375.99
2020-09-14 08:51:27.225394,10375.99
2020-09-14 08:51:30.876678,10375.99
2020-09-14 08:51:32.185667,10375.99
2020-09-14 08:51:35.905845,10375.99
2020-09-14 08:51:37.173049,10375.99
2020-09-14 08:51:41.178680,10375.99
2020-09-14 08:51:42.242250,10375.99
2020-09-14 08:51:45.886008,10375.99
2020-09-14 08:51:47.168751,10375.99
2020-09-14 08:51:50.911239,10375.99
2020-09-14 08:51:52.218431,10370.67
2020-09-14 08:51:55.892598,10370.67
2020-09-14 08:51:57.224330,10370.67
2020-09-14 08:52:00.896314,10370.67
2020-09-14 08:52:02.190685,10370.67
2020-09-14 08:52:05.892843,10370.67
2020-09-14 08:52:07.189842,10370.67
2020-09-14 08:52:10.950466,10370.67
2020-09-14 08:52:12.175491,10370.67
2020-09-14 08:52:15.884062,10370.67
2020-09-14 08:52:17.218109,10370.67
2020-09-14 08:52:20.865973,10370.67
2020-09-14 08:52:22.199526,10370.67
2020-09-14 08:52:25.908762,10370.67
2020-09-14 08:52:27.190584,10370.67
2020-09-14 08:52:30.870672,10370.67
2020-09-14 08:52:32.226407,10370.67
2020-09-14 08:52:35.932578,10370.67
2020-09-14 08:52:37.166798,10370.67
2020-09-14 08:52:40.872194,10370.67
2020-09-14 08:52:42.223287,10370.67
2020-09-14 08:52:45.896354,10370.67
2020-09-14 08:52:47.196638,10370.67
2020-09-14 08:52:50.909830,10370.67
2020-09-14 08:52:52.318127,10370.67
2020-09-14 08:52:55.864320,10375.24
2020-09-14 08:52:57.242778,10375.24
2020-09-14 08:53:00.863213,10375.24
2020-09-14 08:53:02.173399,10375.24
2020-09-14 08:53:05.903542,10375.24
2020-09-14 08:53:07.194126,10375.24
2020-09-14 08:53:10.922623,10375.24
2020-09-14 08:53:12.235815,10375.24
2020-09-14 08:53:15.916259,10375.24
2020-09-14 08:53:17.212177,10375.24
2020-09-14 08:53:20.872194,10375.24
2020-09-14 08:53:22.239917,10375.24
2020-09-14 08:53:25.924550,10375.24
2020-09-14 08:53:27.202537,10375.24
2020-09-14 08:53:30.852692,10375.24
2020-09-14 08:53:32.204479,10375.24
2020-09-14 08:53:35.888520,10375.24
2020-09-14 08:53:37.202699,10375.24
2020-09-14 08:53:40.849121,10375.24
2020-09-14 08:53:42.157303,10375.24
2020-09-14 08:53:45.876045,10375.24
2020-09-14 08:53:47.201926,10375.24
2020-09-14 08:53:50.992468,10375.24
2020-09-14 08:53:52.230398,10375.24
2020-09-14 08:53:55.908227,10375.24
2020-09-14 08:53:57.198878,10368.2
2020-09-14 08:54:00.846079,10368.2
2020-09-14 08:54:02.186421,10368.2
2020-09-14 08:54:05.894565,10368.2
2020-09-14 08:54:07.212207,10368.2
2020-09-14 08:54:10.885526,10368.2
2020-09-14 08:54:12.203746,10368.2
2020-09-14 08:54:15.887097,10368.2
2020-09-14 08:54:17.169362,10368.2
2020-09-14 08:54:20.892756,10368.2
2020-09-14 08:54:22.213516,10368.2
2020-09-14 08:54:25.905378,10368.2
2020-09-14 08:54:27.214034,10368.2
2020-09-14 08:54:30.860512,10368.2
2020-09-14 08:54:32.198007,10368.2
2020-09-14 08:54:35.903400,10368.2
2020-09-14 08:54:37.179439,10368.2
2020-09-14 08:54:40.888937,10368.2
2020-09-14 08:54:42.180650,10368.2
2020-09-14 08:54:45.916747,10368.2
2020-09-14 08:54:47.184978,10368.2
2020-09-14 08:54:50.866534,10368.2
2020-09-14 08:54:52.222422,10368.2
2020-09-14 08:54:55.854087,10368.2
2020-09-14 08:54:57.284370,10368.2
2020-09-14 08:55:00.871503,10368.75
2020-09-14 08:55:02.209151,10368.75
2020-09-14 08:55:05.894923,10368.75
2020-09-14 08:55:07.182169,10368.75
2020-09-14 08:55:10.906913,10368.75
2020-09-14 08:55:12.288332,10368.75
2020-09-14 08:55:15.900963,10368.75
2020-09-14 08:55:17.234073,10368.75
2020-09-14 08:55:20.888104,10368.75
2020-09-14 08:55:22.190026,10368.75
2020-09-14 08:55:25.909120,10368.75
2020-09-14 08:55:27.185335,10368.75
2020-09-14 08:55:30.902851,10360.27
2020-09-14 08:55:32.702086,10360.27
2020-09-14 08:55:33.240246,10360.27
2020-09-14 08:55:35.889746,10360.27
2020-09-14 08:55:37.213579,10360.27
2020-09-14 08:55:38.150700,10360.27
2020-09-14 08:55:41.086422,10360.27
2020-09-14 08:55:42.195292,10360.27
2020-09-14 08:55:43.143811,10360.27
2020-09-14 08:55:45.886995,10360.27
2020-09-14 08:55:47.200652,10360.27
2020-09-14 08:55:48.148802,10360.27
2020-09-14 08:55:51.012974,10360.27
2020-09-14 08:55:52.186503,10360.27
2020-09-14 08:55:53.110089,10360.27
2020-09-14 08:55:55.897887,10360.27
2020-09-14 08:55:57.195548,10360.27
2020-09-14 08:55:58.139796,10360.27
2020-09-14 08:56:01.089038,10360.27
2020-09-14 08:56:02.202673,10360.27
2020-09-14 08:56:03.106963,10360.27
2020-09-14 08:56:05.909356,10360.27
2020-09-14 08:56:07.226426,10360.27
2020-09-14 08:56:08.124311,10360.27
2020-09-14 08:56:11.056788,10360.27
2020-09-14 08:56:12.207956,10360.27
2020-09-14 08:56:13.116079,10360.27
2020-09-14 08:56:15.904533,10360.27
2020-09-14 08:56:17.212862,10360.27
2020-09-14 08:56:18.175761,10360.27
2020-09-14 08:56:21.306106,10360.27
2020-09-14 08:56:22.193133,10360.27
2020-09-14 08:56:23.198023,10360.27
2020-09-14 08:56:25.874648,10360.27
2020-09-14 08:56:27.201223,10360.27
2020-09-14 08:56:28.130994,10360.27
2020-09-14 08:56:31.061838,10360.27
2020-09-14 08:56:32.214137,10361.69
2020-09-14 08:56:33.160860,10361.69
2020-09-14 08:56:35.891201,10361.69
2020-09-14 08:56:37.277013,10361.69
2020-09-14 08:56:38.126740,10361.69
2020-09-14 08:56:41.117634,10361.69
2020-09-14 08:56:42.217372,10361.69
2020-09-14 08:56:43.298929,10361.69
2020-09-14 08:56:45.907073,10361.69
2020-09-14 08:56:47.201840,10361.69
2020-09-14 08:56:48.136484,10361.69
2020-09-14 08:56:51.075523,10361.69
2020-09-14 08:56:52.179762,10361.69
2020-09-14 08:56:53.127455,10361.69
2020-09-14 08:56:55.894595,10361.69
2020-09-14 08:56:57.195845,10361.69
2020-09-14 08:56:58.132229,10361.69
2020-09-14 08:57:01.094101,10361.69
2020-09-14 08:57:02.344151,10361.69
2020-09-14 08:57:03.184363,10361.69
2020-09-14 08:57:05.882237,10361.69
2020-09-14 08:57:07.226059,10361.69
2020-09-14 08:57:08.142588,10361.69
2020-09-14 08:57:10.862318,10361.69
2020-09-14 08:57:12.195331,10361.69
2020-09-14 08:57:13.119187,10361.69
2020-09-14 08:57:15.908715,10361.69
2020-09-14 08:57:17.216446,10361.69
2020-09-14 08:57:18.129937,10361.69
2020-09-14 08:57:21.003453,10361.69
2020-09-14 08:57:22.197913,10361.69
2020-09-14 08:57:23.175955,10361.69
2020-09-14 08:57:25.879320,10361.69
2020-09-14 08:57:27.186280,10361.69
2020-09-14 08:57:28.118810,10361.69
2020-09-14 08:57:32.549954,10361.69
2020-09-14 08:57:33.246106,10360.33
2020-09-14 08:57:37.195438,10360.33
2020-09-14 08:57:38.222046,10360.33
2020-09-14 08:57:42.424029,10360.33
2020-09-14 08:57:43.377193,10360.33
2020-09-14 08:57:47.208094,10360.33
2020-09-14 08:57:48.200028,10360.33
2020-09-14 08:57:52.201292,10360.33
2020-09-14 08:57:53.142216,10360.33
2020-09-14 08:57:57.192588,10360.33
2020-09-14 08:57:58.118800,10360.33
2020-09-14 08:58:02.386650,10360.33
2020-09-14 08:58:03.267562,10360.33
2020-09-14 08:58:07.200009,10360.33
2020-09-14 08:58:08.141844,10360.33
2020-09-14 08:58:12.185508,10360.33
2020-09-14 08:58:13.121177,10360.33
2020-09-14 08:58:17.231601,10360.33
2020-09-14 08:58:18.173014,10360.33
2020-09-14 08:58:22.198653,10360.33
2020-09-14 08:58:23.118083,10360.33
2020-09-14 08:58:27.175014,10360.33
2020-09-14 08:58:28.157626,10360.33
2020-09-14 08:58:32.204543,10360.33
2020-09-14 08:58:33.115232,10360.33
2020-09-14 08:58:37.199574,10362.52
2020-09-14 08:58:38.134539,10362.52
2020-09-14 08:58:42.383754,10362.52
2020-09-14 08:58:43.167289,10362.52
2020-09-14 08:58:47.220198,10362.52
2020-09-14 08:58:48.150402,10362.52
2020-09-14 08:58:52.341125,10362.52
2020-09-14 08:58:53.123753,10362.52
2020-09-14 08:58:57.229927,10362.52
2020-09-14 08:58:58.128768,10362.52
2020-09-14 08:59:02.192124,10362.52
2020-09-14 08:59:03.149769,10362.52
2020-09-14 08:59:07.187229,10362.52
2020-09-14 08:59:08.135041,10362.52
2020-09-14 08:59:12.218774,10362.52
2020-09-14 08:59:13.149194,10362.52
2020-09-14 08:59:17.208665,10362.52
2020-09-14 08:59:18.162184,10362.52
2020-09-14 08:59:22.242139,10362.52
2020-09-14 08:59:23.167032,10362.52
2020-09-14 08:59:27.170825,10362.52
2020-09-14 08:59:28.106221,10362.52
2020-09-14 08:59:32.380477,10362.52
2020-09-14 08:59:33.193432,10362.52
2020-09-14 08:59:37.277598,10362.52
2020-09-14 08:59:38.121672,10362.52
2020-09-14 08:59:42.171861,10362.52
2020-09-14 08:59:43.174185,10362.52
2020-09-14 08:59:47.332252,10362.52
2020-09-14 08:59:48.122885,10362.52
2020-09-14 08:59:52.321670,10362.52
2020-09-14 08:59:53.140535,10362.52
2020-09-14 08:59:57.185272,10362.52
2020-09-14 08:59:58.170354,10362.52
2020-09-14 09:00:02.205554,10362.52
2020-09-14 09:00:03.195851,10362.52
2020-09-14 09:00:07.194189,10362.52
2020-09-14 09:00:08.214016,10362.52
2020-09-14 09:00:12.174346,10362.52
2020-09-14 09:00:13.135854,10362.52
2020-09-14 09:00:17.233655,10362.52
2020-09-14 09:00:18.126856,10362.52
2020-09-14 09:00:22.170195,10362.52
2020-09-14 09:00:23.139934,10362.52
2020-09-14 09:00:27.293221,10362.52
2020-09-14 09:00:28.109554,10362.52
2020-09-14 09:00:31.175564,10362.52
2020-09-14 09:00:32.234439,10362.52
2020-09-14 09:00:33.148662,10362.52
2020-09-14 09:00:36.028278,10362.52
2020-09-14 09:00:37.199534,10362.52
2020-09-14 09:00:38.138585,10362.52
2020-09-14 09:00:41.010171,10362.52
2020-09-14 09:00:42.205012,10362.52
2020-09-14 09:00:43.139437,10362.52
2020-09-14 09:00:46.010458,10362.52
2020-09-14 09:00:47.227868,10362.52
2020-09-14 09:00:48.155867,10362.52
2020-09-14 09:00:51.024230,10362.52
2020-09-14 09:00:52.225981,10362.52
2020-09-14 09:00:53.153582,10362.52
2020-09-14 09:00:56.001784,10362.52
2020-09-14 09:00:57.268785,10362.52
2020-09-14 09:00:58.499037,10362.52
2020-09-14 09:01:01.181921,10362.52
2020-09-14 09:01:01.550510,10362.52
2020-09-14 09:01:02.207038,10362.52
2020-09-14 09:01:03.129564,10362.52
2020-09-14 09:01:06.022663,10362.52
2020-09-14 09:01:07.185496,10362.52
2020-09-14 09:01:08.141134,10362.52
2020-09-14 09:01:11.219005,10362.52
2020-09-14 09:01:12.170319,10362.52
2020-09-14 09:01:13.239826,10362.52
2020-09-14 09:01:16.012747,10362.52
2020-09-14 09:01:17.185522,10362.52
2020-09-14 09:01:18.134569,10362.52
2020-09-14 09:01:20.991370,10362.52
2020-09-14 09:01:22.183025,10362.52
2020-09-14 09:01:23.136218,10362.52
2020-09-14 09:01:26.020999,10362.52
2020-09-14 09:01:27.193674,10362.52
2020-09-14 09:01:28.217800,10362.52
2020-09-14 09:01:31.225875,10362.52
2020-09-14 09:01:32.202356,10362.52
2020-09-14 09:01:33.206013,10362.52
2020-09-14 09:01:36.012143,10362.52
2020-09-14 09:01:37.174661,10362.52
2020-09-14 09:01:37.714185,10362.52
2020-09-14 09:01:38.130288,10362.52
2020-09-14 09:01:41.277894,10361.12
2020-09-14 09:01:42.210207,10361.12
2020-09-14 09:01:43.123043,10361.12
2020-09-14 09:01:46.005185,10361.12
2020-09-14 09:01:47.208153,10361.12
2020-09-14 09:01:48.143355,10361.12
2020-09-14 09:01:51.027751,10361.12
2020-09-14 09:01:52.237967,10361.12
2020-09-14 09:01:53.174389,10361.12
2020-09-14 09:01:56.145369,10361.12
2020-09-14 09:01:57.218442,10361.12
2020-09-14 09:01:58.109844,10361.12
2020-09-14 09:02:01.148735,10361.12
2020-09-14 09:02:02.198156,10361.12
2020-09-14 09:02:03.157724,10361.12
2020-09-14 09:02:06.020320,10361.12
2020-09-14 09:02:07.186615,10361.12
2020-09-14 09:02:08.124147,10361.12
2020-09-14 09:02:11.320222,10361.12
2020-09-14 09:02:12.192020,10361.12
2020-09-14 09:02:13.125786,10361.12
2020-09-14 09:02:16.045191,10361.12
2020-09-14 09:02:17.206801,10361.12
2020-09-14 09:02:18.138305,10361.12
2020-09-14 09:02:21.025795,10361.12
2020-09-14 09:02:22.188896,10361.12
2020-09-14 09:02:23.135194,10361.12
2020-09-14 09:02:26.045527,10361.12
2020-09-14 09:02:27.211321,10361.12
2020-09-14 09:02:28.135580,10361.12
2020-09-14 09:02:31.177267,10361.12
2020-09-14 09:02:32.208033,10361.12
2020-09-14 09:02:33.137919,10361.12
2020-09-14 09:02:35.983279,10361.12
2020-09-14 09:02:36.973566,10361.12
2020-09-14 09:02:37.210027,10361.12
2020-09-14 09:02:38.205064,10361.12
2020-09-14 09:02:41.195266,10361.12
2020-09-14 09:02:41.987972,10361.12
2020-09-14 09:02:42.189985,10361.12
2020-09-14 09:02:43.211967,10340.07
2020-09-14 09:02:46.017836,10340.07
2020-09-14 09:02:47.035701,10340.07
2020-09-14 09:02:47.243509,10340.07
2020-09-14 09:02:48.176176,10340.07
2020-09-14 09:02:51.219982,10340.07
2020-09-14 09:02:52.042883,10340.07
2020-09-14 09:02:52.168762,10340.07
2020-09-14 09:02:53.132477,10340.07
2020-09-14 09:02:56.032059,10340.07
2020-09-14 09:02:57.010774,10340.07
2020-09-14 09:02:57.184928,10340.07
2020-09-14 09:02:58.153962,10340.07
2020-09-14 09:03:01.203915,10340.07
2020-09-14 09:03:01.988942,10340.07
2020-09-14 09:03:02.194582,10340.07
2020-09-14 09:03:03.216361,10340.07
2020-09-14 09:03:06.031730,10340.07
2020-09-14 09:03:07.056340,10340.07
2020-09-14 09:03:07.210989,10340.07
2020-09-14 09:03:08.187856,10340.07
2020-09-14 09:03:11.307733,10340.07
2020-09-14 09:03:11.986018,10340.07
2020-09-14 09:03:12.281473,10340.07
2020-09-14 09:03:13.155606,10340.07
2020-09-14 09:03:16.053826,10340.07
2020-09-14 09:03:16.974559,10340.07
2020-09-14 09:03:17.166883,10340.07
2020-09-14 09:03:18.107404,10340.07
2020-09-14 09:03:21.023194,10340.07
2020-09-14 09:03:22.008201,10340.07
2020-09-14 09:03:22.182899,10340.07
2020-09-14 09:03:23.129534,10340.07
2020-09-14 09:03:26.017375,10340.07
2020-09-14 09:03:27.028109,10340.07
2020-09-14 09:03:27.280712,10340.07
2020-09-14 09:03:28.171899,10340.07
2020-09-14 09:03:31.210127,10340.07
2020-09-14 09:03:31.993764,10340.07
2020-09-14 09:03:32.190296,10340.07
2020-09-14 09:03:33.150885,10340.07
2020-09-14 09:03:36.019370,10340.07
2020-09-14 09:03:36.978286,10340.07
2020-09-14 09:03:37.213870,10340.07
2020-09-14 09:03:38.163104,10340.07
2020-09-14 09:03:41.196026,10340.07
2020-09-14 09:03:42.080214,10340.07
2020-09-14 09:03:42.220572,10340.07
2020-09-14 09:03:43.148854,10340.07
2020-09-14 09:03:46.009347,10353.35
2020-09-14 09:03:46.988726,10353.35
2020-09-14 09:03:47.212609,10353.35
2020-09-14 09:03:48.243418,10353.35
2020-09-14 09:03:51.211752,10353.35
2020-09-14 09:03:51.980395,10353.35
2020-09-14 09:03:52.216774,10353.35
2020-09-14 09:03:53.133985,10353.35
2020-09-14 09:03:56.051249,10353.35
2020-09-14 09:03:57.012666,10353.35
2020-09-14 09:03:57.164713,10353.35
2020-09-14 09:03:58.127466,10353.35
2020-09-14 09:04:01.230500,10353.35
2020-09-14 09:04:02.020508,10353.35
2020-09-14 09:04:02.204742,10353.35
2020-09-14 09:04:03.117151,10353.35
2020-09-14 09:04:06.023818,10353.35
2020-09-14 09:04:07.061273,10353.35
2020-09-14 09:04:07.183573,10353.35
2020-09-14 09:04:08.147711,10353.35
2020-09-14 09:04:11.049746,10353.35
2020-09-14 09:04:12.018898,10353.35
2020-09-14 09:04:12.233913,10353.35
2020-09-14 09:04:13.259135,10353.35
2020-09-14 09:04:16.042418,10353.35
2020-09-14 09:04:16.980633,10353.35
2020-09-14 09:04:17.179805,10353.35
2020-09-14 09:04:18.127042,10353.35
2020-09-14 09:04:21.007343,10353.35
2020-09-14 09:04:21.964538,10353.35
2020-09-14 09:04:22.204146,10353.35
2020-09-14 09:04:23.184276,10353.35
2020-09-14 09:04:26.026202,10353.35
2020-09-14 09:04:27.000901,10353.35
2020-09-14 09:04:27.173612,10353.35
2020-09-14 09:04:28.208680,10353.35
2020-09-14 09:04:31.072923,10353.35
2020-09-14 09:04:32.048254,10353.35
2020-09-14 09:04:32.173658,10353.35
2020-09-14 09:04:33.136517,10353.35
2020-09-14 09:04:36.029023,10353.35
2020-09-14 09:04:37.048004,10353.35
2020-09-14 09:04:37.257788,10353.35
2020-09-14 09:04:38.114091,10353.35
2020-09-14 09:04:41.054630,10353.35
2020-09-14 09:04:42.030002,10353.35
2020-09-14 09:04:42.181553,10353.35
2020-09-14 09:04:43.162745,10353.35
2020-09-14 09:04:46.126922,10353.35
2020-09-14 09:04:46.955246,10353.35
2020-09-14 09:04:47.571197,10352.35
2020-09-14 09:04:48.211741,10352.35
2020-09-14 09:04:51.061654,10352.35
2020-09-14 09:04:52.022506,10352.35
2020-09-14 09:04:52.186797,10352.35
2020-09-14 09:04:53.164294,10352.35
2020-09-14 09:04:56.035333,10352.35
2020-09-14 09:04:56.999620,10352.35
2020-09-14 09:04:57.176858,10352.35
2020-09-14 09:04:58.145708,10352.35
2020-09-14 09:05:01.077676,10352.35
2020-09-14 09:05:02.049331,10352.35
2020-09-14 09:05:02.181845,10352.35
2020-09-14 09:05:03.137160,10352.35
2020-09-14 09:05:06.056383,10352.35
2020-09-14 09:05:07.016633,10352.35
2020-09-14 09:05:07.202242,10352.35
2020-09-14 09:05:08.155765,10352.35
2020-09-14 09:05:10.999587,10352.35
2020-09-14 09:05:11.968890,10352.35
2020-09-14 09:05:12.228366,10352.35
2020-09-14 09:05:13.151140,10352.35
2020-09-14 09:05:16.060208,10352.35
2020-09-14 09:05:17.005509,10352.35
2020-09-14 09:05:17.177693,10352.35
2020-09-14 09:05:18.217979,10352.35
2020-09-14 09:05:21.018138,10352.35
2020-09-14 09:05:22.007874,10352.35
2020-09-14 09:05:22.210048,10352.35
2020-09-14 09:05:23.122831,10352.35
2020-09-14 09:05:26.017284,10352.35
2020-09-14 09:05:27.045355,10352.35
2020-09-14 09:05:27.189159,10352.35
2020-09-14 09:05:28.144467,10352.35
2020-09-14 09:05:31.013554,10352.35
2020-09-14 09:05:31.989138,10352.35
2020-09-14 09:05:32.309754,10352.35
2020-09-14 09:05:33.129892,10352.35
2020-09-14 09:05:36.268423,10352.35
2020-09-14 09:05:36.967103,10352.35
2020-09-14 09:05:37.197625,10352.35
2020-09-14 09:05:38.138889,10352.35
2020-09-14 09:05:41.013208,10352.35
2020-09-14 09:05:42.005687,10352.35
2020-09-14 09:05:42.207825,10352.35
2020-09-14 09:05:43.126401,10352.35
2020-09-14 09:05:46.082352,10352.35
2020-09-14 09:05:47.016822,10352.35
2020-09-14 09:05:47.225873,10352.35
2020-09-14 09:05:48.109867,10352.35
2020-09-14 09:05:51.191543,10353.91
2020-09-14 09:05:52.003183,10353.91
2020-09-14 09:05:52.205012,10353.91
2020-09-14 09:05:53.129296,10353.91
2020-09-14 09:05:56.011662,10353.91
2020-09-14 09:05:57.035236,10353.91
2020-09-14 09:05:57.223524,10353.91
2020-09-14 09:05:58.132256,10353.91
2020-09-14 09:06:01.190112,10353.91
2020-09-14 09:06:02.009923,10353.91
2020-09-14 09:06:02.202046,10353.91
2020-09-14 09:06:03.134017,10353.91
2020-09-14 09:06:06.018811,10353.91
2020-09-14 09:06:07.015863,10353.91
2020-09-14 09:06:07.197665,10353.91
2020-09-14 09:06:08.112378,10353.91
2020-09-14 09:06:11.032882,10353.91
2020-09-14 09:06:11.980775,10353.91
2020-09-14 09:06:12.190673,10353.91
2020-09-14 09:06:13.141883,10353.91
2020-09-14 09:06:15.996008,10353.91
2020-09-14 09:06:16.990660,10353.91
2020-09-14 09:06:17.204510,10353.91
2020-09-14 09:06:18.134133,10353.91
2020-09-14 09:06:21.004789,10353.91
2020-09-14 09:06:21.983709,10353.91
2020-09-14 09:06:22.167540,10353.91
2020-09-14 09:06:23.142088,10353.91
2020-09-14 09:06:26.049536,10353.91
2020-09-14 09:06:27.005558,10353.91
2020-09-14 09:06:27.186580,10353.91
2020-09-14 09:06:28.141252,10353.91
2020-09-14 09:06:31.084182,10353.91
2020-09-14 09:06:31.978533,10353.91
2020-09-14 09:06:32.194873,10353.91
2020-09-14 09:06:33.131250,10353.91
2020-09-14 09:06:36.006946,10353.91
2020-09-14 09:06:37.013296,10353.91
2020-09-14 09:06:37.193638,10353.91
2020-09-14 09:06:38.144883,10353.91
2020-09-14 09:06:41.007886,10353.91
2020-09-14 09:06:42.000159,10353.91
2020-09-14 09:06:42.223680,10353.91
2020-09-14 09:06:43.113198,10353.91
2020-09-14 09:06:46.020609,10353.91
2020-09-14 09:06:46.999859,10353.91
2020-09-14 09:06:47.198095,10353.91
2020-09-14 09:06:48.127602,10353.91
2020-09-14 09:06:51.053855,10353.91
2020-09-14 09:06:51.984409,10352.09
2020-09-14 09:06:52.198631,10352.09
2020-09-14 09:06:53.131295,10352.09
2020-09-14 09:06:56.023956,10352.09
2020-09-14 09:06:56.981325,10352.09
2020-09-14 09:06:57.219329,10352.09
2020-09-14 09:06:58.142321,10352.09
2020-09-14 09:07:01.028560,10352.09
2020-09-14 09:07:01.994882,10352.09
2020-09-14 09:07:02.185478,10352.09
2020-09-14 09:07:03.136502,10352.09
2020-09-14 09:07:06.033189,10352.09
2020-09-14 09:07:07.012341,10352.09
2020-09-14 09:07:07.168090,10352.09
2020-09-14 09:07:08.130038,10352.09
2020-09-14 09:07:11.185091,10352.09
2020-09-14 09:07:12.006520,10352.09
2020-09-14 09:07:12.205477,10352.09
2020-09-14 09:07:13.171499,10352.09
2020-09-14 09:07:16.034185,10352.09
2020-09-14 09:07:16.965412,10352.09
2020-09-14 09:07:17.165396,10352.09
2020-09-14 09:07:18.186977,10352.09
2020-09-14 09:07:21.056144,10352.09
2020-09-14 09:07:22.001828,10352.09
2020-09-14 09:07:22.194402,10352.09
2020-09-14 09:07:23.206698,10352.09
2020-09-14 09:07:26.017330,10352.09
2020-09-14 09:07:27.008886,10352.09
2020-09-14 09:07:27.206585,10352.09
2020-09-14 09:07:28.157649,10352.09
2020-09-14 09:07:31.012365,10352.09
2020-09-14 09:07:32.020263,10352.09
2020-09-14 09:07:32.201599,10352.09
2020-09-14 09:07:33.103740,10352.09
2020-09-14 09:07:36.050246,10352.09
2020-09-14 09:07:36.983141,10352.09
2020-09-14 09:07:37.176771,10352.09
2020-09-14 09:07:38.136844,10352.09
2020-09-14 09:07:41.023649,10352.09
2020-09-14 09:07:42.001300,10352.09
2020-09-14 09:07:42.165092,10352.09
2020-09-14 09:07:43.159025,10352.09
2020-09-14 09:07:46.041237,10352.09
2020-09-14 09:07:47.016041,10352.09
2020-09-14 09:07:47.195375,10352.09
2020-09-14 09:07:48.192424,10352.09
2020-09-14 09:07:51.060833,10352.09
2020-09-14 09:07:52.002475,10352.09
2020-09-14 09:07:52.178061,10352.09
2020-09-14 09:07:53.264401,10354.06
2020-09-14 09:07:56.058596,10354.06
2020-09-14 09:07:56.959719,10354.06
2020-09-14 09:07:57.190558,10354.06
2020-09-14 09:07:58.166477,10354.06
2020-09-14 09:08:01.084029,10354.06
2020-09-14 09:08:02.015360,10354.06
2020-09-14 09:08:02.229469,10354.06
2020-09-14 09:08:03.142194,10354.06
2020-09-14 09:08:06.061480,10354.06
2020-09-14 09:08:07.032419,10354.06
2020-09-14 09:08:07.202811,10354.06
2020-09-14 09:08:08.157462,10354.06
2020-09-14 09:08:11.085263,10354.06
2020-09-14 09:08:12.051282,10354.06
2020-09-14 09:08:12.177695,10354.06
2020-09-14 09:08:13.126589,10354.06
2020-09-14 09:08:16.018272,10354.06
2020-09-14 09:08:16.990029,10354.06
2020-09-14 09:08:17.211310,10354.06
2020-09-14 09:08:18.116429,10354.06
2020-09-14 09:08:21.064111,10354.06
2020-09-14 09:08:22.039412,10354.06
2020-09-14 09:08:22.241017,10354.06
2020-09-14 09:08:23.140440,10354.06
2020-09-14 09:08:26.230428,10354.06
2020-09-14 09:08:27.034233,10354.06
2020-09-14 09:08:27.201644,10354.06
2020-09-14 09:08:28.143933,10354.06
2020-09-14 09:08:31.063608,10354.06
2020-09-14 09:08:31.990816,10354.06
2020-09-14 09:08:32.230529,10354.06
2020-09-14 09:08:33.170700,10354.06
2020-09-14 09:08:36.225315,10354.06
2020-09-14 09:08:37.003614,10354.06
2020-09-14 09:08:37.240801,10354.06
2020-09-14 09:08:38.139132,10354.06
2020-09-14 09:08:41.127541,10354.06
2020-09-14 09:08:42.094147,10354.06
2020-09-14 09:08:42.391920,10354.06
2020-09-14 09:08:43.127345,10354.06
2020-09-14 09:08:46.251255,10354.06
2020-09-14 09:08:47.008774,10354.06
2020-09-14 09:08:47.171683,10354.06
2020-09-14 09:08:48.172509,10354.06
2020-09-14 09:08:51.026384,10354.06
2020-09-14 09:08:52.340301,10354.06
2020-09-14 09:08:52.517316,10354.06
2020-09-14 09:08:53.143427,10354.06
2020-09-14 09:08:56.192512,10345.34
2020-09-14 09:08:56.974949,10345.34
2020-09-14 09:08:57.169459,10345.34
2020-09-14 09:08:58.230074,10345.34
2020-09-14 09:09:01.014257,10345.34
2020-09-14 09:09:02.001040,10345.34
2020-09-14 09:09:02.215472,10345.34
2020-09-14 09:09:03.145164,10345.34
2020-09-14 09:09:06.217518,10345.34
2020-09-14 09:09:06.987338,10345.34
2020-09-14 09:09:07.217839,10345.34
2020-09-14 09:09:08.131647,10345.34
2020-09-14 09:09:11.022234,10345.34
2020-09-14 09:09:11.974939,10345.34
2020-09-14 09:09:12.255634,10345.34
2020-09-14 09:09:13.129930,10345.34
2020-09-14 09:09:16.013355,10345.34
2020-09-14 09:09:17.008076,10345.34
2020-09-14 09:09:17.280181,10345.34
2020-09-14 09:09:18.138172,10345.34
2020-09-14 09:09:21.186187,10345.34
2020-09-14 09:09:22.017189,10345.34
2020-09-14 09:09:22.277644,10345.34
2020-09-14 09:09:23.148706,10345.34
2020-09-14 09:09:26.082831,10345.34
2020-09-14 09:09:26.968163,10345.34
2020-09-14 09:09:27.174971,10345.34
2020-09-14 09:09:28.120081,10345.34
2020-09-14 09:09:31.054458,10345.34
2020-09-14 09:09:32.297958,10345.34
2020-09-14 09:09:32.399253,10345.34
2020-09-14 09:09:33.161381,10345.34
2020-09-14 09:09:36.041962,10345.34
2020-09-14 09:09:37.061665,10345.34
2020-09-14 09:09:37.214109,10345.34
2020-09-14 09:09:38.124461,10345.34
2020-09-14 09:09:41.036534,10345.34
2020-09-14 09:09:41.973495,10345.34
2020-09-14 09:09:42.175328,10345.34
2020-09-14 09:09:43.118732,10345.34
2020-09-14 09:09:46.021467,10345.34
2020-09-14 09:09:46.960345,10345.34
2020-09-14 09:09:47.171264,10345.34
2020-09-14 09:09:48.167233,10345.34
2020-09-14 09:09:51.221810,10345.34
2020-09-14 09:09:51.977216,10345.34
2020-09-14 09:09:52.165503,10345.34
2020-09-14 09:09:53.143292,10345.34
2020-09-14 09:09:56.224761,10345.34
2020-09-14 09:09:57.008999,10345.34
2020-09-14 09:09:57.279998,10356.17
2020-09-14 09:09:58.207738,10356.17
2020-09-14 09:10:01.307968,10356.17
2020-09-14 09:10:02.145797,10356.17
2020-09-14 09:10:02.261550,10356.17
2020-09-14 09:10:03.104426,10356.17
2020-09-14 09:10:06.192020,10356.17
2020-09-14 09:10:06.983156,10356.17
2020-09-14 09:10:07.188253,10356.17
2020-09-14 09:10:08.131168,10356.17
2020-09-14 09:10:11.117378,10356.17
2020-09-14 09:10:11.982605,10356.17
2020-09-14 09:10:12.166026,10356.17
2020-09-14 09:10:13.138019,10356.17
2020-09-14 09:10:16.017196,10356.17
2020-09-14 09:10:16.999557,10356.17
2020-09-14 09:10:17.281804,10356.17
2020-09-14 09:10:18.282175,10356.17
2020-09-14 09:10:21.011577,10356.17
2020-09-14 09:10:22.058397,10356.17
2020-09-14 09:10:22.322612,10356.17
2020-09-14 09:10:23.144867,10356.17
2020-09-14 09:10:26.010934,10356.17
2020-09-14 09:10:26.994580,10356.17
2020-09-14 09:10:27.226792,10356.17
2020-09-14 09:10:28.257382,10356.17
2020-09-14 09:10:31.213275,10356.17
2020-09-14 09:10:32.543894,10356.17
2020-09-14 09:10:32.658136,10356.17
2020-09-14 09:10:33.128562,10356.17
2020-09-14 09:10:35.998075,10356.17
2020-09-14 09:10:37.042836,10356.17
2020-09-14 09:10:37.177164,10356.17
2020-09-14 09:10:38.169536,10356.17
2020-09-14 09:10:41.241031,10356.17
2020-09-14 09:10:42.004542,10356.17
2020-09-14 09:10:42.279344,10356.17
2020-09-14 09:10:43.140012,10356.17
2020-09-14 09:10:46.006034,10356.17
2020-09-14 09:10:47.011104,10356.17
2020-09-14 09:10:47.201457,10356.17
2020-09-14 09:10:48.131180,10356.17
2020-09-14 09:10:51.016362,10356.17
2020-09-14 09:10:52.296755,10356.17
2020-09-14 09:10:52.365068,10356.17
2020-09-14 09:10:53.137122,10356.17
2020-09-14 09:10:56.123526,10356.17
2020-09-14 09:10:56.963003,10356.17
2020-09-14 09:10:57.170777,10356.17
2020-09-14 09:10:58.167282,10356.17
2020-09-14 09:11:01.241142,10347.45
2020-09-14 09:11:01.993581,10347.45
2020-09-14 09:11:02.234229,10347.45
2020-09-14 09:11:03.121799,10347.45
2020-09-14 09:11:06.055516,10347.45
2020-09-14 09:11:06.975666,10347.45
2020-09-14 09:11:07.214830,10347.45
2020-09-14 09:11:08.181775,10347.45
2020-09-14 09:11:11.068367,10347.45
2020-09-14 09:11:11.982157,10347.45
2020-09-14 09:11:12.186265,10347.45
2020-09-14 09:11:13.165790,10347.45
2020-09-14 09:11:15.997334,10347.45
2020-09-14 09:11:17.043073,10347.45
2020-09-14 09:11:17.201215,10347.45
2020-09-14 09:11:18.136669,10347.45
2020-09-14 09:11:21.018295,10347.45
2020-09-14 09:11:21.977791,10347.45
2020-09-14 09:11:22.175452,10347.45
2020-09-14 09:11:23.138423,10347.45
2020-09-14 09:11:26.010444,10347.45
2020-09-14 09:11:27.016083,10347.45
2020-09-14 09:11:27.170244,10347.45
2020-09-14 09:11:28.135058,10347.45
2020-09-14 09:11:31.236446,10334.93
2020-09-14 09:11:31.991887,10334.93
2020-09-14 09:11:32.164694,10334.93
2020-09-14 09:11:33.122401,10334.93
2020-09-14 09:11:36.056399,10334.93
2020-09-14 09:11:36.990147,10334.93
2020-09-14 09:11:37.197846,10334.93
2020-09-14 09:11:38.175972,10334.93
2020-09-14 09:11:41.194741,10334.93
2020-09-14 09:11:41.967415,10334.93
2020-09-14 09:11:42.234143,10334.93
2020-09-14 09:11:43.147443,10334.93
2020-09-14 09:11:46.060334,10334.93
2020-09-14 09:11:46.986101,10334.93
2020-09-14 09:11:47.203727,10334.93
2020-09-14 09:11:48.156880,10334.93
2020-09-14 09:11:51.044898,10334.93
2020-09-14 09:11:51.990089,10334.93
2020-09-14 09:11:52.151666,10334.93
2020-09-14 09:11:53.118773,10334.93
2020-09-14 09:11:56.087625,10334.93
2020-09-14 09:11:56.999585,10334.93
2020-09-14 09:11:57.157298,10334.93
2020-09-14 09:11:58.105740,10334.93
2020-09-14 09:12:01.237153,10334.93
2020-09-14 09:12:02.009087,10334.93
2020-09-14 09:12:02.174439,10334.93
2020-09-14 09:12:03.110671,10334.93
2020-09-14 09:12:06.134597,10334.93
2020-09-14 09:12:06.974567,10334.93
2020-09-14 09:12:07.261319,10334.93
2020-09-14 09:12:08.143728,10334.93
2020-09-14 09:12:11.188881,10334.93
2020-09-14 09:12:11.969312,10334.93
2020-09-14 09:12:12.280957,10334.93
2020-09-14 09:12:13.145587,10334.93
2020-09-14 09:12:16.069208,10334.93
2020-09-14 09:12:17.056495,10334.93
2020-09-14 09:12:17.201449,10334.93
2020-09-14 09:12:18.139767,10334.93
2020-09-14 09:12:21.188638,10334.93
2020-09-14 09:12:22.012548,10334.93
2020-09-14 09:12:22.188638,10334.93
2020-09-14 09:12:23.129838,10334.93
2020-09-14 09:12:26.007596,10334.93
2020-09-14 09:12:27.000091,10334.93
2020-09-14 09:12:27.172068,10334.93
2020-09-14 09:12:28.116818,10334.93
2020-09-14 09:12:31.023109,10334.93
2020-09-14 09:12:31.989779,10334.93
2020-09-14 09:12:32.179010,10341.66
2020-09-14 09:12:33.165665,10341.66
2020-09-14 09:12:36.108469,10341.66
2020-09-14 09:12:37.004646,10341.66
2020-09-14 09:12:37.182435,10341.66
2020-09-14 09:12:38.118847,10341.66
2020-09-14 09:12:41.002418,10341.66
2020-09-14 09:12:41.985872,10341.66
2020-09-14 09:12:42.177403,10341.66
2020-09-14 09:12:43.125427,10341.66
2020-09-14 09:12:46.217864,10341.66
2020-09-14 09:12:46.987837,10341.66
2020-09-14 09:12:47.192931,10341.66
2020-09-14 09:12:48.151138,10341.66
2020-09-14 09:12:50.986971,10341.66
2020-09-14 09:12:51.964792,10341.66
2020-09-14 09:12:52.198442,10341.66
2020-09-14 09:12:53.169506,10341.66
2020-09-14 09:12:56.202351,10341.66
2020-09-14 09:12:56.990534,10341.66
2020-09-14 09:12:57.201289,10341.66
2020-09-14 09:12:58.114993,10341.66
2020-09-14 09:13:01.009731,10341.66
2020-09-14 09:13:02.046838,10341.66
2020-09-14 09:13:02.207647,10341.66
2020-09-14 09:13:03.230761,10341.66
2020-09-14 09:13:05.997865,10341.66
2020-09-14 09:13:06.980088,10341.66
2020-09-14 09:13:07.191399,10341.66
2020-09-14 09:13:08.288286,10341.66
2020-09-14 09:13:11.206505,10341.66
2020-09-14 09:13:12.043397,10341.66
2020-09-14 09:13:12.180626,10341.66
2020-09-14 09:13:13.157310,10341.66
2020-09-14 09:13:16.014659,10341.66
2020-09-14 09:13:16.994673,10341.66
2020-09-14 09:13:17.230318,10341.66
2020-09-14 09:13:18.141856,10341.66
2020-09-14 09:13:21.220567,10341.66
2020-09-14 09:13:21.976574,10341.66
2020-09-14 09:13:22.207971,10341.66
2020-09-14 09:13:23.139762,10341.66
2020-09-14 09:13:26.201899,10341.66
2020-09-14 09:13:26.989183,10341.66
2020-09-14 09:13:27.174002,10341.66
2020-09-14 09:13:28.149234,10341.66
2020-09-14 09:13:31.331298,10341.66
2020-09-14 09:13:32.008865,10341.66
2020-09-14 09:13:32.173495,10341.66
2020-09-14 09:13:33.173065,10341.66
2020-09-14 09:13:36.083556,10353.04
2020-09-14 09:13:36.967171,10353.04
2020-09-14 09:13:37.198286,10353.04
2020-09-14 09:13:38.133141,10353.04
2020-09-14 09:13:41.262165,10353.04
2020-09-14 09:13:42.000282,10353.04
2020-09-14 09:13:42.228433,10353.04
2020-09-14 09:13:43.171921,10353.04
2020-09-14 09:13:46.033539,10353.04
2020-09-14 09:13:47.006109,10353.04
2020-09-14 09:13:47.190967,10353.04
2020-09-14 09:13:48.147124,10353.04
2020-09-14 09:13:51.021789,10353.04
2020-09-14 09:13:52.015866,10353.04
2020-09-14 09:13:52.186638,10353.04
2020-09-14 09:13:53.140118,10353.04
2020-09-14 09:13:56.224239,10353.04
2020-09-14 09:13:57.004573,10353.04
2020-09-14 09:13:57.217982,10353.04
2020-09-14 09:13:58.126140,10353.04
2020-09-14 09:14:01.202639,10353.04
2020-09-14 09:14:01.993314,10353.04
2020-09-14 09:14:02.188305,10353.04
2020-09-14 09:14:03.127855,10353.04
2020-09-14 09:14:06.199163,10353.04
2020-09-14 09:14:06.989173,10353.04
2020-09-14 09:14:07.209318,10353.04
2020-09-14 09:14:08.127664,10353.04
2020-09-14 09:14:11.209205,10353.04
2020-09-14 09:14:12.014238,10353.04
2020-09-14 09:14:12.247364,10353.04
2020-09-14 09:14:13.128002,10353.04
2020-09-14 09:14:16.078798,10353.04
2020-09-14 09:14:16.970315,10353.04
2020-09-14 09:14:17.210140,10353.04
2020-09-14 09:14:18.134405,10353.04
2020-09-14 09:14:21.198236,10353.04
2020-09-14 09:14:21.962109,10353.04
2020-09-14 09:14:22.194056,10353.04
2020-09-14 09:14:23.101946,10353.04
2020-09-14 09:14:26.045416,10353.04
2020-09-14 09:14:26.963658,10353.04
2020-09-14 09:14:27.178730,10353.04
2020-09-14 09:14:28.145578,10353.04
2020-09-14 09:14:31.193069,10353.04
2020-09-14 09:14:32.051181,10353.04
2020-09-14 09:14:32.192005,10353.04
2020-09-14 09:14:33.171454,10353.04
2020-09-14 09:14:36.023734,10353.04
2020-09-14 09:14:36.966126,10352.2
2020-09-14 09:14:37.174409,10352.2
2020-09-14 09:14:38.196601,10352.2
2020-09-14 09:14:41.034270,10352.2
2020-09-14 09:14:41.994207,10352.2
2020-09-14 09:14:42.185962,10352.2
2020-09-14 09:14:43.151602,10352.2
2020-09-14 09:14:45.997627,10352.2
2020-09-14 09:14:47.038250,10352.2
2020-09-14 09:14:47.309665,10352.2
2020-09-14 09:14:48.215804,10352.2
2020-09-14 09:14:51.031593,10352.2
2020-09-14 09:14:52.013319,10352.2
2020-09-14 09:14:52.179941,10352.2
2020-09-14 09:14:53.125397,10352.2
2020-09-14 09:14:56.119207,10352.2
2020-09-14 09:14:57.010808,10352.2
2020-09-14 09:14:57.192404,10352.2
2020-09-14 09:14:58.163990,10352.2
2020-09-14 09:15:01.004233,10352.2
2020-09-14 09:15:01.999796,10352.2
2020-09-14 09:15:02.186829,10352.2
2020-09-14 09:15:03.111016,10352.2
2020-09-14 09:15:06.153836,10352.2
2020-09-14 09:15:07.010946,10352.2
2020-09-14 09:15:07.193870,10352.2
2020-09-14 09:15:08.138410,10352.2
2020-09-14 09:15:11.229895,10352.2
2020-09-14 09:15:12.061617,10352.2
2020-09-14 09:15:12.296146,10352.2
2020-09-14 09:15:13.129720,10352.2
2020-09-14 09:15:16.007756,10352.2
2020-09-14 09:15:17.004738,10352.2
2020-09-14 09:15:17.192923,10352.2
2020-09-14 09:15:18.158164,10352.2
2020-09-14 09:15:21.026876,10352.2
2020-09-14 09:15:21.997646,10352.2
2020-09-14 09:15:22.214573,10352.2
2020-09-14 09:15:23.085042,10352.2
2020-09-14 09:15:26.040330,10352.2
2020-09-14 09:15:27.019703,10352.2
2020-09-14 09:15:27.187992,10352.2
2020-09-14 09:15:28.122448,10352.2
2020-09-14 09:15:31.202726,10352.2
2020-09-14 09:15:31.998021,10352.2
2020-09-14 09:15:32.264226,10352.2
2020-09-14 09:15:33.125410,10352.2
2020-09-14 09:15:36.013374,10352.2
2020-09-14 09:15:37.006440,10352.2
2020-09-14 09:15:37.198522,10352.2
2020-09-14 09:15:38.227338,10352.2
2020-09-14 09:15:41.198720,10352.2
2020-09-14 09:15:42.006934,10352.2
2020-09-14 09:15:42.178042,10352.2
2020-09-14 09:15:43.118311,10352.2
2020-09-14 09:15:46.085502,10352.2
2020-09-14 09:15:47.009927,10352.2
2020-09-14 09:15:47.189023,10352.2
2020-09-14 09:15:48.129708,10352.2
2020-09-14 09:15:51.200545,10352.2
2020-09-14 09:15:52.005672,10352.2
2020-09-14 09:15:52.216287,10352.2
2020-09-14 09:15:53.149601,10352.2
2020-09-14 09:15:56.200684,10352.2
2020-09-14 09:15:56.978391,10352.2
2020-09-14 09:15:57.200609,10352.2
2020-09-14 09:15:58.149583,10352.2
2020-09-14 09:16:01.012327,10352.2
2020-09-14 09:16:01.991902,10352.2
2020-09-14 09:16:02.197213,10352.2
2020-09-14 09:16:03.139214,10352.2
2020-09-14 09:16:06.228604,10352.2
2020-09-14 09:16:07.039198,10352.2
2020-09-14 09:16:07.186395,10352.2
2020-09-14 09:16:08.130329,10352.2
2020-09-14 09:16:11.051873,10352.71
2020-09-14 09:16:12.037290,10352.71
2020-09-14 09:16:12.189336,10352.71
2020-09-14 09:16:13.155919,10352.71
2020-09-14 09:16:16.041681,10352.71
2020-09-14 09:16:17.015794,10352.71
2020-09-14 09:16:17.230359,10352.71
2020-09-14 09:16:18.153803,10352.71
2020-09-14 09:16:21.027023,10352.71
2020-09-14 09:16:22.000588,10352.71
2020-09-14 09:16:22.209818,10352.71
2020-09-14 09:16:23.185791,10352.71
2020-09-14 09:16:26.228936,10352.71
2020-09-14 09:16:27.049695,10352.71
2020-09-14 09:16:27.252193,10352.71
2020-09-14 09:16:28.153286,10352.71
2020-09-14 09:16:31.226838,10352.71
2020-09-14 09:16:31.962816,10352.71
2020-09-14 09:16:32.177845,10352.71
2020-09-14 09:16:33.181235,10352.71
2020-09-14 09:16:36.236460,10352.71
2020-09-14 09:16:36.978749,10352.71
2020-09-14 09:16:37.159424,10352.71
2020-09-14 09:16:38.204429,10352.71
2020-09-14 09:16:41.230250,10352.72
2020-09-14 09:16:42.007205,10352.72
2020-09-14 09:16:42.222165,10352.72
2020-09-14 09:16:43.323116,10352.72
2020-09-14 09:16:46.178680,10352.72
2020-09-14 09:16:46.988958,10352.72
2020-09-14 09:16:47.196543,10352.72
2020-09-14 09:16:48.141804,10352.72
2020-09-14 09:16:51.204355,10352.72
2020-09-14 09:16:51.970067,10352.72
2020-09-14 09:16:52.181052,10352.72
2020-09-14 09:16:53.256377,10352.72
2020-09-14 09:16:56.228016,10352.72
2020-09-14 09:16:57.044649,10352.72
2020-09-14 09:16:57.171030,10352.72
2020-09-14 09:16:58.145575,10352.72
2020-09-14 09:17:01.000095,10352.72
2020-09-14 09:17:02.017523,10352.72
2020-09-14 09:17:02.220202,10352.72
2020-09-14 09:17:03.128257,10352.72
2020-09-14 09:17:06.368234,10352.72
2020-09-14 09:17:06.987705,10352.72
2020-09-14 09:17:07.188490,10352.72
2020-09-14 09:17:08.156478,10352.72
2020-09-14 09:17:11.242210,10352.72
2020-09-14 09:17:12.015282,10352.72
2020-09-14 09:17:12.181445,10352.72
2020-09-14 09:17:13.233026,10352.72
2020-09-14 09:17:15.986715,10352.72
2020-09-14 09:17:17.055289,10352.72
2020-09-14 09:17:17.222058,10352.72
2020-09-14 09:17:18.151667,10352.72
2020-09-14 09:17:21.187423,10352.72
2020-09-14 09:17:21.981592,10352.72
2020-09-14 09:17:22.171144,10352.72
2020-09-14 09:17:23.149881,10352.72
2020-09-14 09:17:26.331609,10352.72
2020-09-14 09:17:26.978025,10352.72
2020-09-14 09:17:27.214363,10352.72
2020-09-14 09:17:28.144380,10352.72
2020-09-14 09:17:31.190573,10352.72
2020-09-14 09:17:31.988543,10352.72
2020-09-14 09:17:32.181908,10352.72
2020-09-14 09:17:33.131471,10352.72
2020-09-14 09:17:36.231176,10352.72
2020-09-14 09:17:37.012252,10352.72
2020-09-14 09:17:37.190844,10352.72
2020-09-14 09:17:38.118185,10352.72
2020-09-14 09:17:41.081412,10352.72
2020-09-14 09:17:42.010084,10352.72
2020-09-14 09:17:42.186924,10348.65
2020-09-14 09:17:43.231906,10348.65
2020-09-14 09:17:46.026071,10348.65
2020-09-14 09:17:46.994155,10348.65
2020-09-14 09:17:47.180058,10348.65
2020-09-14 09:17:48.146129,10348.65
2020-09-14 09:17:51.040111,10348.65
2020-09-14 09:17:52.002919,10348.65
2020-09-14 09:17:52.185968,10348.65
2020-09-14 09:17:53.362455,10348.65
2020-09-14 09:17:56.206040,10348.65
2020-09-14 09:17:57.022884,10348.65
2020-09-14 09:17:57.308583,10348.65
2020-09-14 09:17:58.132834,10348.65
2020-09-14 09:18:01.222891,10348.65
2020-09-14 09:18:01.991095,10348.65
2020-09-14 09:18:02.196793,10348.65
2020-09-14 09:18:03.198448,10348.65
2020-09-14 09:18:06.027943,10348.65
2020-09-14 09:18:07.081291,10348.65
2020-09-14 09:18:07.213355,10348.65
2020-09-14 09:18:08.150206,10348.65
2020-09-14 09:18:10.988504,10348.65
2020-09-14 09:18:11.993490,10348.65
2020-09-14 09:18:12.199240,10348.65
2020-09-14 09:18:13.242063,10348.65
2020-09-14 09:18:16.013743,10348.65
2020-09-14 09:18:17.022466,10348.65
2020-09-14 09:18:17.183394,10348.65
2020-09-14 09:18:18.117462,10348.65
2020-09-14 09:18:21.010035,10348.65
2020-09-14 09:18:21.988475,10348.65
2020-09-14 09:18:22.185113,10348.65
2020-09-14 09:18:23.132442,10348.65
2020-09-14 09:18:26.048852,10348.65
2020-09-14 09:18:26.983768,10348.65
2020-09-14 09:18:27.188474,10348.65
2020-09-14 09:18:28.151317,10348.65
2020-09-14 09:18:30.997286,10348.65
2020-09-14 09:18:31.967754,10348.65
2020-09-14 09:18:32.199143,10348.65
2020-09-14 09:18:33.117395,10348.65
2020-09-14 09:18:36.061719,10348.65
2020-09-14 09:18:37.023071,10348.65
2020-09-14 09:18:37.172990,10348.65
2020-09-14 09:18:38.122796,10348.65
2020-09-14 09:18:41.015992,10348.65
2020-09-14 09:18:42.009137,10348.65
2020-09-14 09:18:42.210440,10348.65
2020-09-14 09:18:43.119172,10348.65
2020-09-14 09:18:46.105520,10352.15
2020-09-14 09:18:47.025685,10352.15
2020-09-14 09:18:47.300818,10352.15
2020-09-14 09:18:48.126048,10352.15
2020-09-14 09:18:51.053226,10352.15
2020-09-14 09:18:52.031234,10352.15
2020-09-14 09:18:52.204318,10352.15
2020-09-14 09:18:53.138874,10352.15
2020-09-14 09:18:56.023925,10352.15
2020-09-14 09:18:57.061231,10352.15
2020-09-14 09:18:57.234751,10352.15
2020-09-14 09:18:58.156479,10352.15
2020-09-14 09:19:01.215048,10352.15
2020-09-14 09:19:01.983319,10352.15
2020-09-14 09:19:02.194933,10352.15
2020-09-14 09:19:03.151758,10352.15
2020-09-14 09:19:05.998437,10352.15
2020-09-14 09:19:06.993879,10352.15
2020-09-14 09:19:07.204659,10352.15
2020-09-14 09:19:08.133166,10352.15
2020-09-14 09:19:11.172899,10352.15
2020-09-14 09:19:11.996042,10352.15
2020-09-14 09:19:12.183911,10352.15
2020-09-14 09:19:13.134750,10352.15
2020-09-14 09:19:16.020962,10352.15
2020-09-14 09:19:17.025888,10352.15
2020-09-14 09:19:17.199898,10352.15
2020-09-14 09:19:18.157597,10352.15
2020-09-14 09:19:21.042889,10352.15
2020-09-14 09:19:21.994104,10352.15
2020-09-14 09:19:22.177494,10352.15
2020-09-14 09:19:23.117132,10352.15
2020-09-14 09:19:25.991856,10352.15
2020-09-14 09:19:26.980384,10352.15
2020-09-14 09:19:27.177527,10352.15
2020-09-14 09:19:28.185846,10352.15
2020-09-14 09:19:31.190878,10352.15
2020-09-14 09:19:32.007047,10352.15
2020-09-14 09:19:32.203813,10352.15
2020-09-14 09:19:33.162184,10352.15
2020-09-14 09:19:36.044556,10352.15
2020-09-14 09:19:36.985400,10352.15
2020-09-14 09:19:37.177983,10352.15
2020-09-14 09:19:38.139166,10352.15
2020-09-14 09:19:41.027723,10352.15
2020-09-14 09:19:42.013852,10352.15
2020-09-14 09:19:42.183074,10352.15
2020-09-14 09:19:43.127147,10352.15
2020-09-14 09:19:46.039389,10352.15
2020-09-14 09:19:46.998878,10348.39
2020-09-14 09:19:47.220691,10348.39
2020-09-14 09:19:48.118251,10348.39
2020-09-14 09:19:51.181345,10348.39
2020-09-14 09:19:51.997385,10348.39
2020-09-14 09:19:52.199810,10348.39
2020-09-14 09:19:53.143945,10348.39
2020-09-14 09:19:56.020491,10348.39
2020-09-14 09:19:57.180789,10348.39
2020-09-14 09:19:58.179369,10348.39
2020-09-14 09:19:58.182487,10348.39
2020-09-14 09:20:01.222795,10348.39
2020-09-14 09:20:01.991603,10348.39
2020-09-14 09:20:02.175072,10348.39
2020-09-14 09:20:03.153179,10348.39
2020-09-14 09:20:06.044665,10348.39
2020-09-14 09:20:06.994565,10348.39
2020-09-14 09:20:07.177752,10348.39
2020-09-14 09:20:08.122041,10348.39
2020-09-14 09:20:11.198875,10348.39
2020-09-14 09:20:12.008013,10348.39
2020-09-14 09:20:12.185364,10348.39
2020-09-14 09:20:13.142615,10348.39
2020-09-14 09:20:16.014936,10348.39
2020-09-14 09:20:17.034967,10348.39
2020-09-14 09:20:17.191638,10348.39
2020-09-14 09:20:18.123006,10348.39
2020-09-14 09:20:20.986492,10348.39
2020-09-14 09:20:21.970917,10348.39
2020-09-14 09:20:22.253275,10348.39
2020-09-14 09:20:23.146175,10348.39
2020-09-14 09:20:26.058969,10348.39
2020-09-14 09:20:26.976005,10348.39
2020-09-14 09:20:27.209522,10348.39
2020-09-14 09:20:28.102561,10348.39
2020-09-14 09:20:31.215790,10348.39
2020-09-14 09:20:32.004687,10348.39
2020-09-14 09:20:32.183821,10348.39
2020-09-14 09:20:33.130935,10348.39
2020-09-14 09:20:36.032325,10348.39
2020-09-14 09:20:37.010404,10348.39
2020-09-14 09:20:37.185317,10348.39
2020-09-14 09:20:38.127738,10348.39
2020-09-14 09:20:41.256767,10348.39
2020-09-14 09:20:41.983884,10348.39
2020-09-14 09:20:42.180446,10348.39
2020-09-14 09:20:43.131931,10348.39
2020-09-14 09:20:45.999048,10348.39
2020-09-14 09:20:46.960430,10348.39
2020-09-14 09:20:47.181645,10348.39
2020-09-14 09:20:48.559852,10346.59
2020-09-14 09:20:51.062695,10346.59
2020-09-14 09:20:51.992360,10346.59
2020-09-14 09:20:52.188973,10346.59
2020-09-14 09:20:53.225993,10346.59
2020-09-14 09:20:56.024490,10346.59
2020-09-14 09:20:56.984147,10346.59
2020-09-14 09:20:57.186042,10346.59
2020-09-14 09:20:58.198601,10346.59
2020-09-14 09:21:01.029528,10346.59
2020-09-14 09:21:01.965182,10346.59
2020-09-14 09:21:02.183082,10346.59
2020-09-14 09:21:03.148966,10346.59
2020-09-14 09:21:06.046855,10346.59
2020-09-14 09:21:06.998598,10346.59
2020-09-14 09:21:07.180634,10346.59
2020-09-14 09:21:08.235113,10346.59
2020-09-14 09:21:11.196289,10346.59
2020-09-14 09:21:12.005034,10346.59
2020-09-14 09:21:12.186808,10346.59
2020-09-14 09:21:13.154253,10346.59
2020-09-14 09:21:16.026793,10346.59
2020-09-14 09:21:16.982018,10346.59
2020-09-14 09:21:17.168603,10346.59
2020-09-14 09:21:18.113760,10346.59
2020-09-14 09:21:21.022707,10346.59
2020-09-14 09:21:22.010221,10346.59
2020-09-14 09:21:22.171851,10346.59
2020-09-14 09:21:23.125697,10346.59
2020-09-14 09:21:26.058944,10346.59
2020-09-14 09:21:27.063995,10346.59
2020-09-14 09:21:27.188859,10346.59
2020-09-14 09:21:28.112538,10346.59
2020-09-14 09:21:31.275352,10346.59
2020-09-14 09:21:32.000485,10346.59
2020-09-14 09:21:32.196481,10346.59
2020-09-14 09:21:33.132158,10346.59
2020-09-14 09:21:36.032478,10346.59
2020-09-14 09:21:37.011351,10346.59
2020-09-14 09:21:37.208138,10346.59
2020-09-14 09:21:38.118072,10346.59
2020-09-14 09:21:41.229857,10346.59
2020-09-14 09:21:42.000507,10346.59
2020-09-14 09:21:42.178041,10346.59
2020-09-14 09:21:43.119601,10346.59
2020-09-14 09:21:46.047473,10346.59
2020-09-14 09:21:47.005911,10346.59
2020-09-14 09:21:47.181402,10346.59
2020-09-14 09:21:48.143990,10346.59
2020-09-14 09:21:51.030135,10345.13
2020-09-14 09:21:51.999025,10345.13
2020-09-14 09:21:52.186396,10345.13
2020-09-14 09:21:53.147288,10345.13
2020-09-14 09:21:56.039379,10345.13
2020-09-14 09:21:57.044667,10345.13
2020-09-14 09:21:57.209626,10345.13
2020-09-14 09:21:58.132261,10345.13
2020-09-14 09:22:01.211845,10345.13
2020-09-14 09:22:01.985655,10345.13
2020-09-14 09:22:02.162039,10345.13
2020-09-14 09:22:03.130795,10345.13
2020-09-14 09:22:06.021065,10345.13
2020-09-14 09:22:07.031128,10345.13
2020-09-14 09:22:07.168152,10345.13
2020-09-14 09:22:08.150638,10345.13
2020-09-14 09:22:11.199145,10345.13
2020-09-14 09:22:11.975321,10345.13
2020-09-14 09:22:12.165864,10345.13
2020-09-14 09:22:13.155736,10345.13
2020-09-14 09:22:16.006418,10345.13
2020-09-14 09:22:17.005488,10345.13
2020-09-14 09:22:17.198964,10345.13
2020-09-14 09:22:18.121174,10345.13
2020-09-14 09:22:21.012916,10345.13
2020-09-14 09:22:21.964440,10345.13
2020-09-14 09:22:22.192905,10345.13
2020-09-14 09:22:23.126422,10345.13
2020-09-14 09:22:26.015692,10345.13
2020-09-14 09:22:26.973232,10345.13
2020-09-14 09:22:27.151646,10345.13
2020-09-14 09:22:28.209236,10345.13
2020-09-14 09:22:31.001637,10345.13
2020-09-14 09:22:31.976474,10345.13
2020-09-14 09:22:32.195317,10345.13
2020-09-14 09:22:33.116548,10345.13
2020-09-14 09:22:36.009559,10345.13
2020-09-14 09:22:37.053440,10345.13
2020-09-14 09:22:37.205487,10345.13
2020-09-14 09:22:38.149883,10345.13
2020-09-14 09:22:41.028866,10345.13
2020-09-14 09:22:41.997442,10345.13
2020-09-14 09:22:42.171056,10345.13
2020-09-14 09:22:43.155226,10345.13
2020-09-14 09:22:46.034758,10345.13
2020-09-14 09:22:47.040573,10345.13
2020-09-14 09:22:47.176077,10345.13
2020-09-14 09:22:48.150803,10345.13
2020-09-14 09:22:51.214868,10345.13
2020-09-14 09:22:51.976941,10345.13
2020-09-14 09:22:52.174981,10346.51
2020-09-14 09:22:53.162425,10346.51
2020-09-14 09:22:56.039018,10346.51
2020-09-14 09:22:56.974096,10346.51
2020-09-14 09:22:57.189792,10346.51
2020-09-14 09:22:58.151300,10346.51
2020-09-14 09:23:01.214932,10346.51
2020-09-14 09:23:01.995634,10346.51
2020-09-14 09:23:02.167476,10346.51
2020-09-14 09:23:03.119894,10346.51
2020-09-14 09:23:05.987914,10346.51
2020-09-14 09:23:06.969149,10346.51
2020-09-14 09:23:07.182759,10346.51
2020-09-14 09:23:08.084867,10346.51
2020-09-14 09:23:11.022086,10346.51
2020-09-14 09:23:11.977498,10346.51
2020-09-14 09:23:12.274586,10346.51
2020-09-14 09:23:13.114003,10346.51
2020-09-14 09:23:15.989927,10346.51
2020-09-14 09:23:16.966719,10346.51
2020-09-14 09:23:17.177524,10346.51
2020-09-14 09:23:18.119695,10346.51
2020-09-14 09:23:21.220650,10346.51
2020-09-14 09:23:21.999984,10346.51
2020-09-14 09:23:22.189606,10346.51
2020-09-14 09:23:23.215626,10346.51
2020-09-14 09:23:26.083605,10346.51
2020-09-14 09:23:26.973861,10346.51
2020-09-14 09:23:27.188877,10346.51
2020-09-14 09:23:28.132652,10346.51
2020-09-14 09:23:31.218074,10346.51
2020-09-14 09:23:31.999970,10346.51
2020-09-14 09:23:32.176686,10346.51
2020-09-14 09:23:33.146606,10346.51
2020-09-14 09:23:36.043286,10346.51
2020-09-14 09:23:36.971380,10346.51
2020-09-14 09:23:37.159151,10346.51
2020-09-14 09:23:38.147326,10346.51
2020-09-14 09:23:40.986599,10346.51
2020-09-14 09:23:41.994977,10346.51
2020-09-14 09:23:42.177665,10346.51
2020-09-14 09:23:43.126793,10346.51
2020-09-14 09:23:46.036053,10346.51
2020-09-14 09:23:47.049336,10346.51
2020-09-14 09:23:47.185389,10346.51
2020-09-14 09:23:48.109843,10346.51
2020-09-14 09:23:51.219559,10346.51
2020-09-14 09:23:51.996459,10346.51
2020-09-14 09:23:52.155512,10346.51
2020-09-14 09:23:53.131777,10346.51
2020-09-14 09:23:56.059357,10350.03
2020-09-14 09:23:56.183659,10350.03
2020-09-14 09:23:56.995117,10350.03
2020-09-14 09:23:57.191339,10350.03
2020-09-14 09:23:58.132175,10350.03
2020-09-14 09:24:01.201788,10350.03
2020-09-14 09:24:01.989835,10350.03
2020-09-14 09:24:02.218277,10350.03
2020-09-14 09:24:03.141989,10350.03
2020-09-14 09:24:06.025462,10350.03
2020-09-14 09:24:06.282804,10350.03
2020-09-14 09:24:06.989887,10350.03
2020-09-14 09:24:07.173825,10350.03
2020-09-14 09:24:08.146267,10350.03
2020-09-14 09:24:11.326591,10350.03
2020-09-14 09:24:12.007021,10350.03
2020-09-14 09:24:12.186334,10350.03
2020-09-14 09:24:13.107564,10350.03
2020-09-14 09:24:16.046938,10350.03
2020-09-14 09:24:16.340091,10350.03
2020-09-14 09:24:16.993667,10350.03
2020-09-14 09:24:17.198444,10350.03
2020-09-14 09:24:18.182360,10350.03
2020-09-14 09:24:21.054894,10350.03
2020-09-14 09:24:21.995085,10350.03
2020-09-14 09:24:22.207225,10350.03
2020-09-14 09:24:23.123293,10350.03
2020-09-14 09:24:26.035584,10350.03
2020-09-14 09:24:26.210050,10350.03
2020-09-14 09:24:26.985504,10350.03
2020-09-14 09:24:27.200611,10350.03
2020-09-14 09:24:28.124860,10350.03
2020-09-14 09:24:31.238910,10350.03
2020-09-14 09:24:32.006566,10350.03
2020-09-14 09:24:32.205149,10350.03
2020-09-14 09:24:33.118511,10350.03
2020-09-14 09:24:36.022954,10350.03
2020-09-14 09:24:36.213095,10350.03
2020-09-14 09:24:37.012908,10350.03
2020-09-14 09:24:37.235056,10350.03
2020-09-14 09:24:38.141453,10350.03
2020-09-14 09:24:41.196704,10350.03
2020-09-14 09:24:42.007378,10350.03
2020-09-14 09:24:42.212583,10350.03
2020-09-14 09:24:43.168172,10350.03
2020-09-14 09:24:46.015509,10350.03
2020-09-14 09:24:46.242911,10350.03
2020-09-14 09:24:47.060762,10350.03
2020-09-14 09:24:47.182897,10350.03
2020-09-14 09:24:48.187166,10350.03
2020-09-14 09:24:51.210264,10350.03
2020-09-14 09:24:51.998945,10350.03
2020-09-14 09:24:52.174937,10350.03
2020-09-14 09:24:53.204887,10350.03
2020-09-14 09:24:56.057018,10350.03
2020-09-14 09:24:56.276104,10356.15
2020-09-14 09:24:56.965759,10356.15
2020-09-14 09:24:57.190904,10356.15
2020-09-14 09:24:58.223905,10356.15
2020-09-14 09:25:01.216503,10356.15
2020-09-14 09:25:01.996470,10356.15
2020-09-14 09:25:02.173444,10356.15
2020-09-14 09:25:03.131668,10356.15
2020-09-14 09:25:06.063509,10356.15
2020-09-14 09:25:06.317827,10356.15
2020-09-14 09:25:06.976879,10356.15
2020-09-14 09:25:07.231021,10356.15
2020-09-14 09:25:08.138386,10356.15
2020-09-14 09:25:11.018171,10356.15
2020-09-14 09:25:11.983638,10356.15
2020-09-14 09:25:12.187141,10356.15
2020-09-14 09:25:13.181956,10356.15
2020-09-14 09:25:16.014492,10356.15
2020-09-14 09:25:16.216072,10356.15
2020-09-14 09:25:17.015275,10356.15
2020-09-14 09:25:17.201834,10356.15
2020-09-14 09:25:18.194363,10356.15
2020-09-14 09:25:21.211601,10356.15
2020-09-14 09:25:22.050111,10356.15
2020-09-14 09:25:22.290403,10356.15
2020-09-14 09:25:23.129350,10356.15
2020-09-14 09:25:26.014937,10356.15
2020-09-14 09:25:26.220418,10356.15
2020-09-14 09:25:26.998248,10356.15
2020-09-14 09:25:27.276029,10356.15
2020-09-14 09:25:28.123339,10356.15
2020-09-14 09:25:31.245361,10356.15
2020-09-14 09:25:32.006692,10356.15
2020-09-14 09:25:32.165796,10356.15
2020-09-14 09:25:33.161745,10356.15
2020-09-14 09:25:36.037838,10356.15
2020-09-14 09:25:36.272375,10356.15
2020-09-14 09:25:36.960678,10356.15
2020-09-14 09:25:37.187414,10356.15
2020-09-14 09:25:38.135631,10356.15
2020-09-14 09:25:41.205611,10356.15
2020-09-14 09:25:41.979634,10356.15
2020-09-14 09:25:42.190341,10356.15
2020-09-14 09:25:43.163697,10356.15
2020-09-14 09:25:45.997681,10356.15
2020-09-14 09:25:46.214258,10356.15
2020-09-14 09:25:46.991314,10356.15
2020-09-14 09:25:47.274976,10356.15
2020-09-14 09:30:04.202358,10362.42
2020-09-14 09:30:31.854544,10362.42
2020-09-14 09:30:41.990320,10364.9
2020-09-14 09:30:51.886322,10364.9
2020-09-14 09:31:23.934292,10364.9
2020-09-14 09:31:33.946491,10364.9
2020-09-14 09:31:44.045550,10359.86
2020-09-14 09:34:48.161419,10357.39
2020-09-14 09:34:58.039635,10357.39
2020-09-14 09:35:07.909260,10357.39
2020-09-14 09:35:17.872833,10357.39
2020-09-14 09:35:27.886374,10357.39
2020-09-14 09:35:37.876980,10357.39
2020-09-14 09:35:48.043623,10360.01
2020-09-14 09:35:57.891163,10360.01
2020-09-14 09:36:08.089395,10360.01
2020-09-14 09:36:17.890128,10360.01
2020-09-14 09:36:24.020243,10360.01
2020-09-14 09:36:27.892648,10360.01
2020-09-14 09:36:34.089659,10360.01
2020-09-14 09:36:37.852450,10360.01
2020-09-14 09:36:44.262521,10360.01
2020-09-14 09:36:48.066276,10360.01
2020-09-14 09:36:54.320554,10359.75
2020-09-14 09:36:58.071383,10359.75
2020-09-14 09:37:04.049296,10359.75
2020-09-14 09:37:07.939315,10359.75
2020-09-14 09:37:14.083333,10359.75
2020-09-14 09:37:17.881284,10359.75
2020-09-14 09:37:24.059576,10359.75
2020-09-14 09:37:27.901870,10359.75
2020-09-14 09:37:34.053657,10359.75
2020-09-14 09:37:37.916563,10359.75
2020-09-14 09:37:44.073222,10359.75
2020-09-14 09:37:47.883811,10359.75
2020-09-14 09:37:54.567889,10351.72
2020-09-14 09:37:57.905837,10351.72
2020-09-14 09:38:04.069810,10351.72
2020-09-14 09:38:08.090523,10351.72
2020-09-14 09:38:14.199507,10351.72
2020-09-14 09:38:18.051597,10351.72
2020-09-14 09:38:24.038207,10351.72
2020-09-14 09:38:28.200005,10351.72
2020-09-14 09:38:34.357570,10351.72
2020-09-14 09:38:38.175193,10351.72
2020-09-14 09:38:44.446937,10351.72
2020-09-14 09:38:48.200576,10351.72
2020-09-14 09:38:54.352516,10351.72
2020-09-14 09:38:58.193401,10351.72
2020-09-14 09:39:04.333028,10352.29
2020-09-14 09:39:08.223743,10352.29
2020-09-14 09:39:14.485444,10352.29
2020-09-14 09:39:18.171639,10352.29
2020-09-14 09:39:24.357715,10352.29
2020-09-14 09:39:28.166489,10352.29
2020-09-14 09:39:34.336380,10352.29
2020-09-14 09:39:38.391711,10352.29
2020-09-14 09:39:44.457808,10352.29
2020-09-14 09:39:48.197725,10352.29
2020-09-14 09:39:54.363013,10352.29
2020-09-14 09:39:58.185707,10352.29
2020-09-14 09:40:04.576442,10352.29
2020-09-14 09:40:08.442351,10356.32
2020-09-14 09:40:14.343749,10356.32
2020-09-14 09:40:18.390513,10356.32
2020-09-14 09:40:24.348288,10356.32
2020-09-14 09:40:28.214723,10356.32
2020-09-14 09:40:34.387172,10356.32
2020-09-14 09:40:38.200667,10356.32
2020-09-14 09:40:44.400107,10359.75
2020-09-14 09:40:48.378237,10359.75
2020-09-14 09:40:54.363887,10359.75
2020-09-14 09:40:58.378599,10359.75
2020-09-14 09:41:04.373463,10359.75
2020-09-14 09:41:08.216730,10359.75
2020-09-14 09:41:14.346746,10359.75
2020-09-14 09:41:18.188665,10359.75
2020-09-14 09:41:24.341592,10359.75
2020-09-14 09:41:28.203734,10359.75
2020-09-14 09:41:34.361968,10359.75
2020-09-14 09:41:38.377422,10359.75
2020-09-14 09:41:44.534380,10359.75
2020-09-14 09:41:48.377909,10359.75
2020-09-14 09:41:54.550948,10362.17
2020-09-14 09:41:58.388613,10362.17
2020-09-14 09:42:04.373430,10362.17
2020-09-14 09:42:08.214009,10362.17
2020-09-14 09:42:14.343121,10362.17
2020-09-14 09:42:18.211513,10362.17
2020-09-14 09:42:24.356168,10362.17
2020-09-14 09:42:28.198285,10362.17
2020-09-14 09:42:34.548218,10362.17
2020-09-14 09:42:38.197101,10362.17
2020-09-14 09:42:44.552622,10362.17
2020-09-14 09:42:48.236376,10362.17
2020-09-14 09:42:54.799204,10362.17
2020-09-14 09:42:58.205233,10362.17
2020-09-14 09:43:04.981619,10355.47
2020-09-14 09:43:08.200092,10355.47
2020-09-14 09:43:14.350500,10355.47
2020-09-14 09:43:18.223590,10355.47
2020-09-14 09:43:24.572276,10355.47
2020-09-14 09:43:28.224153,10355.47
2020-09-14 09:43:34.590956,10353.95
2020-09-14 09:43:38.219369,10353.95
2020-09-14 09:43:44.382914,10353.95
2020-09-14 09:43:48.221720,10353.95
2020-09-14 09:43:54.548400,10353.95
2020-09-14 09:43:58.206832,10353.95
2020-09-14 09:44:04.545667,10353.95
2020-09-14 09:44:08.244528,10353.95
2020-09-14 09:44:14.359925,10353.95
2020-09-14 09:44:18.199697,10353.95
2020-09-14 09:44:24.415597,10353.95
2020-09-14 09:44:28.201553,10353.95
2020-09-14 09:44:34.540504,10353.95
2020-09-14 09:44:38.205652,10353.95
2020-09-14 09:44:44.564221,10352.63
2020-09-14 09:44:48.226292,10352.63
2020-09-14 09:44:54.339825,10352.63
2020-09-14 09:44:58.223761,10352.63
2020-09-14 09:45:04.557495,10352.63
2020-09-14 09:45:08.207415,10352.63
2020-09-14 09:45:14.380210,10352.63
2020-09-14 09:45:18.246706,10352.63
2020-09-14 09:45:24.356994,10352.63
2020-09-14 09:45:28.228502,10352.63
2020-09-14 09:45:34.529902,10352.63
2020-09-14 09:45:38.192540,10352.63
2020-09-14 09:45:44.543400,10352.63
2020-09-14 09:45:48.221612,10352.63
2020-09-14 09:45:54.392188,10349.82
2020-09-14 09:45:58.232048,10349.82
2020-09-14 09:46:04.534006,10349.82
2020-09-14 09:46:08.223179,10349.82
2020-09-14 09:46:14.350278,10349.82
2020-09-14 09:46:18.406979,10349.82
2020-09-14 09:46:24.448232,10349.82
2020-09-14 09:46:28.392906,10357.66
2020-09-14 09:46:34.546719,10357.66
2020-09-14 09:46:38.415675,10357.66
2020-09-14 09:46:44.553805,10357.66
2020-09-14 09:46:48.183364,10357.66
2020-09-14 09:46:54.573648,10357.66
2020-09-14 09:46:58.362245,10357.66
2020-09-14 09:47:04.558983,10357.66
2020-09-14 09:47:08.399181,10357.66
2020-09-14 09:47:14.380646,10357.66
2020-09-14 09:47:18.216713,10357.66
2020-09-14 09:47:24.557518,10357.66
2020-09-14 09:47:28.222387,10357.66
2020-09-14 09:47:34.354080,10349.63
2020-09-14 09:47:38.233898,10349.63
2020-09-14 09:47:44.345310,10349.63
2020-09-14 09:47:48.191271,10349.63
2020-09-14 09:47:54.545745,10349.63
2020-09-14 09:47:58.202208,10349.63
2020-09-14 09:48:04.561558,10349.63
2020-09-14 09:48:08.253595,10349.63
2020-09-14 09:48:14.340420,10349.63
2020-09-14 09:48:18.229285,10349.63
2020-09-14 09:48:24.564882,10349.63
2020-09-14 09:48:28.201588,10349.63
2020-09-14 09:48:34.344808,10349.63
2020-09-14 09:48:38.373978,10349.63
2020-09-14 09:48:44.391107,10351.17
2020-09-14 09:48:48.366818,10351.17
2020-09-14 09:48:54.562116,10351.17
2020-09-14 09:48:58.369511,10351.17
2020-09-14 09:49:04.550791,10351.17
2020-09-14 09:49:08.366962,10351.17
2020-09-14 09:49:14.341024,10351.17
2020-09-14 09:49:18.434271,10351.17
2020-09-14 09:49:24.391157,10351.17
2020-09-14 09:49:28.361690,10351.17
2020-09-14 09:49:34.364716,10351.17
2020-09-14 09:49:38.197722,10351.17
2020-09-14 09:49:44.350165,10351.17
2020-09-14 09:49:48.390649,10351.17
2020-09-14 09:49:54.550324,10351.45
2020-09-14 09:49:58.388934,10351.45
2020-09-14 09:50:04.533802,10351.45
2020-09-14 09:50:08.386335,10351.45
2020-09-14 09:50:14.340051,10351.45
2020-09-14 09:50:18.227452,10351.45
2020-09-14 09:50:24.633528,10351.45
2020-09-14 09:50:28.342631,10351.45
2020-09-14 09:50:34.574687,10351.45
2020-09-14 09:50:38.409763,10351.45
2020-09-14 09:50:44.372659,10351.45
2020-09-14 09:50:48.419226,10351.45
2020-09-14 09:50:54.574367,10351.45
2020-09-14 09:50:58.418436,10355.48
2020-09-14 09:51:04.561364,10355.48
2020-09-14 09:51:08.408270,10355.48
2020-09-14 09:51:14.340669,10355.48
2020-09-14 09:51:18.202663,10355.48
2020-09-14 09:51:24.557889,10355.48
2020-09-14 09:51:28.195376,10355.48
2020-09-14 09:51:34.546587,10355.48
2020-09-14 09:51:38.213896,10355.48
2020-09-14 09:51:44.581854,10355.48
2020-09-14 09:51:48.201399,10355.48
2020-09-14 09:51:54.347708,10355.48
2020-09-14 09:51:58.251760,10355.48
2020-09-14 09:52:04.385546,10358.1
2020-09-14 09:52:08.201690,10358.1
2020-09-14 09:52:14.366006,10358.1
2020-09-14 09:52:18.441443,10358.1
2020-09-14 09:52:24.341276,10358.1
2020-09-14 09:52:28.353748,10358.1
2020-09-14 09:52:34.418081,10358.1
2020-09-14 09:52:38.389144,10358.1
2020-09-14 09:52:44.363669,10358.1
2020-09-14 09:52:48.408727,10358.1
2020-09-14 09:52:54.564773,10358.1
2020-09-14 09:52:58.394169,10358.1
2020-09-14 09:53:04.366142,10358.1
2020-09-14 09:53:08.425057,10358.1
2020-09-14 09:53:14.446094,10358.1
2020-09-14 09:53:18.203003,10358.1
2020-09-14 09:53:24.477172,10358.1
2020-09-14 09:53:28.240462,10358.1
2020-09-14 09:53:34.594810,10358.1
2020-09-14 09:53:38.366647,10358.1
2020-09-14 09:53:44.372352,10355.55
2020-09-14 09:53:48.370244,10355.55
2020-09-14 09:53:54.655559,10355.55
2020-09-14 09:53:58.186690,10355.55
2020-09-14 09:54:04.541865,10355.55
2020-09-14 09:54:08.206127,10355.55
2020-09-14 09:54:14.364554,10355.55
2020-09-14 09:54:18.203886,10355.55
2020-09-14 09:54:24.432891,10355.55
2020-09-14 09:54:28.184941,10355.55
2020-09-14 09:54:34.562955,10355.55
2020-09-14 09:54:38.227458,10355.55
2020-09-14 09:54:44.369767,10355.55
2020-09-14 09:54:48.393008,10355.55
2020-09-14 09:54:54.452354,10355.05
2020-09-14 09:54:58.420050,10355.05
2020-09-14 09:55:04.504093,10355.05
2020-09-14 09:55:08.398295,10355.05
2020-09-14 09:55:14.384640,10355.05
2020-09-14 09:55:18.196685,10355.05
2020-09-14 09:55:24.582202,10355.05
2020-09-14 09:55:28.249200,10355.05
2020-09-14 09:55:34.338452,10355.05
2020-09-14 09:55:38.208353,10355.05
2020-09-14 09:55:44.371079,10355.05
2020-09-14 09:55:48.388883,10355.05
2020-09-14 09:55:54.389284,10355.05
2020-09-14 09:55:58.203814,10355.05
2020-09-14 09:56:04.466221,10353.81
2020-09-14 09:56:08.403509,10353.81
2020-09-14 09:56:14.402792,10353.81
2020-09-14 09:56:17.533974,10353.81
2020-09-14 09:56:18.218232,10353.81
2020-09-14 09:56:24.421383,10353.81
2020-09-14 09:56:27.702188,10353.81
2020-09-14 09:56:28.222887,10353.81
2020-09-14 09:56:34.399864,10353.81
2020-09-14 09:56:37.546340,10353.81
2020-09-14 09:56:38.187549,10353.81
2020-09-14 09:56:44.338665,10353.81
2020-09-14 09:56:47.681248,10353.81
2020-09-14 09:56:48.209246,10353.81
2020-09-14 09:56:54.421705,10353.81
2020-09-14 09:56:57.691308,10353.81
2020-09-14 09:56:58.201398,10353.81
2020-09-14 09:57:04.442992,10353.81
2020-09-14 09:57:07.700206,10353.84
2020-09-14 09:57:08.193291,10353.84
2020-09-14 09:57:14.337128,10353.84
2020-09-14 09:57:17.564365,10353.84
2020-09-14 09:57:18.310794,10353.84
2020-09-14 09:57:24.533855,10353.84
2020-09-14 09:57:28.408914,10353.84
2020-09-14 09:57:29.200952,10353.84
2020-09-14 09:57:34.393720,10353.84
2020-09-14 09:57:37.581963,10353.84
2020-09-14 09:57:38.190297,10353.84
2020-09-14 09:57:44.350878,10353.84
2020-09-14 09:57:47.515460,10353.84
2020-09-14 09:57:48.196552,10353.84
2020-09-14 09:57:54.349689,10353.84
2020-09-14 09:57:57.521270,10353.84
2020-09-14 09:57:58.189333,10353.84
2020-09-14 09:58:04.397871,10353.84
2020-09-14 09:58:07.630916,10353.84
2020-09-14 09:58:08.173190,10353.84
2020-09-14 09:58:14.352415,10353.84
2020-09-14 09:58:17.566001,10353.84
2020-09-14 09:58:18.183192,10353.84
2020-09-14 09:58:24.362220,10353.84
2020-09-14 09:58:27.591562,10353.84
2020-09-14 09:58:28.209853,10353.84
2020-09-14 09:58:34.354753,10353.84
2020-09-14 09:58:37.558015,10353.84
2020-09-14 09:58:38.174239,10353.84
2020-09-14 09:58:44.363669,10353.85
2020-09-14 09:58:47.556550,10353.85
2020-09-14 09:58:48.186935,10353.85
2020-09-14 09:58:54.600923,10353.85
2020-09-14 09:58:57.516239,10353.85
2020-09-14 09:58:58.279369,10353.85
2020-09-14 09:59:04.365614,10353.85
2020-09-14 09:59:07.554657,10353.85
2020-09-14 09:59:08.202619,10353.85
2020-09-14 09:59:14.357319,10353.85
2020-09-14 09:59:17.533158,10353.85
2020-09-14 09:59:18.198945,10353.85
2020-09-14 09:59:24.353443,10353.85
2020-09-14 09:59:27.520352,10353.85
2020-09-14 09:59:28.210034,10353.85
2020-09-14 09:59:34.363945,10353.85
2020-09-14 09:59:37.539524,10353.85
2020-09-14 09:59:38.190270,10353.85
2020-09-14 09:59:44.342881,10353.85
2020-09-14 09:59:47.532985,10353.85
2020-09-14 09:59:48.323468,10365.52
2020-09-14 09:59:54.342998,10365.52
2020-09-14 09:59:57.544315,10365.52
2020-09-14 09:59:58.214806,10365.52
2020-09-14 10:00:04.359001,10365.52
2020-09-14 10:00:07.533191,10365.52
2020-09-14 10:00:08.185242,10365.52
2020-09-14 10:00:14.351409,10365.52
2020-09-14 10:00:17.556334,10365.52
2020-09-14 10:00:18.231625,10365.52
2020-09-14 10:00:24.405558,10370.76
2020-09-14 10:00:27.527637,10370.76
2020-09-14 10:00:28.192502,10370.76
2020-09-14 10:00:34.362247,10370.76
2020-09-14 10:00:37.522032,10370.76
2020-09-14 10:00:38.196787,10370.76
2020-09-14 10:00:44.450094,10370.76
2020-09-14 10:00:47.543848,10370.76
2020-09-14 10:00:48.211125,10370.76
2020-09-14 10:00:54.350824,10370.76
2020-09-14 10:00:57.538221,10370.76
2020-09-14 10:00:58.187175,10370.76
2020-09-14 10:01:04.340127,10370.76
2020-09-14 10:01:07.691674,10370.76
2020-09-14 10:01:08.174305,10370.76
2020-09-14 10:01:14.328677,10370.76
2020-09-14 10:01:17.525531,10370.76
2020-09-14 10:01:18.192506,10370.76
2020-09-14 10:01:24.374837,10370.76
2020-09-14 10:01:27.543699,10380.08
2020-09-14 10:01:28.213529,10380.08
2020-09-14 10:01:34.370210,10380.08
2020-09-14 10:01:37.523941,10380.08
2020-09-14 10:01:38.178307,10380.08
2020-09-14 10:01:44.356229,10380.08
2020-09-14 10:01:47.548369,10380.08
2020-09-14 10:01:48.234621,10380.08
2020-09-14 10:01:54.336670,10380.08
2020-09-14 10:01:57.442991,10380.08
2020-09-14 10:01:57.537597,10380.08
2020-09-14 10:01:58.223875,10380.08
2020-09-14 10:02:04.405168,10380.08
2020-09-14 10:02:07.474443,10380.08
2020-09-14 10:02:07.521210,10380.08
2020-09-14 10:02:08.201843,10380.08
2020-09-14 10:02:14.391671,10380.08
2020-09-14 10:02:17.444843,10380.08
2020-09-14 10:02:17.547235,10380.08
2020-09-14 10:02:18.190262,10380.08
2020-09-14 10:02:24.361981,10380.08
2020-09-14 10:02:27.441853,10380.08
2020-09-14 10:02:27.533370,10380.08
2020-09-14 10:02:28.183464,10380.08
2020-09-14 10:02:34.556538,10390.53
2020-09-14 10:02:37.562426,10390.53
2020-09-14 10:02:37.630378,10390.53
2020-09-14 10:02:38.207532,10390.53
2020-09-14 10:02:44.557648,10390.53
2020-09-14 10:02:47.645856,10390.53
2020-09-14 10:02:47.782273,10390.53
2020-09-14 10:02:48.411490,10390.53
2020-09-14 10:02:54.556544,10390.53
2020-09-14 10:02:57.581294,10390.53
2020-09-14 10:02:57.645584,10390.53
2020-09-14 10:02:58.235969,10390.53
2020-09-14 10:03:04.398519,10390.53
2020-09-14 10:03:07.501879,10390.53
2020-09-14 10:03:07.554610,10390.53
2020-09-14 10:03:08.199486,10390.53
2020-09-14 10:03:14.342614,10390.53
2020-09-14 10:03:17.436158,10390.53
2020-09-14 10:03:17.533281,10390.53
2020-09-14 10:03:18.182920,10390.53
2020-09-14 10:03:24.386150,10390.53
2020-09-14 10:03:27.436026,10390.53
2020-09-14 10:03:27.511753,10390.53
2020-09-14 10:03:28.178804,10390.53
2020-09-14 10:03:34.503921,10390.53
2020-09-14 10:03:37.457375,10393.53
2020-09-14 10:03:37.534542,10393.53
2020-09-14 10:03:38.186070,10393.53
2020-09-14 10:03:44.371630,10393.53
